step	accuracy
0	0.0
1	0.1
2	0.2
3	0.30000000000000004
4	0.4
5	0.5
6	0.6000000000000001
7	0.7000000000000001
8	0.8
9	0.9
